0,1493398154,4,0,WW91IG5lZWQgdG8gdXNlIGJyYWNrZXRzOiBteV9saXN0ID0gW10=,
1,1493088154,35,0,TG9vayBpdCB1cCBpbiB0aGUgUHl0aG9uIGRvY3M=,aW1hZ2VzL2ltYWdlMi5qcGc=
2,2017-05-08, ,4,Z2FsYW1ib2sgYSBzesOpbGJlbg==,IA==
3,2017-05-08, ,4,a3V0eWEyMjIy,IA==
4,2017-05-08, ,4,a2Vjc2tla2FoZWd5ZW4=,IA==
5,2017-05-08, ,4,YWRmZGZzZGZzZGZzZGZzZGY=,IA==
6,2017-05-08, ,5,YWRhc2Rhc2RkYXNkDQphDQpzZGFzZGFzZHNhZGFzZHNhZGFzZGFzZGFzZA==,IA==
7,2017-05-08, ,6,YSB2w6FsYXN6IGEgdsOhbGFzeiBhIHbDoWxhc3ogYSB2w6FsYXN6IGEgdsOhbGFzeiBhIHbDoWxhc3ogYSB2w6FsYXN6IGEgdsOhbGFzeiBhIHbDoWxhc3ogYSB2w6FsYXN6IGEgdsOhbGFzeiBhIHbDoWxhc3ogYSB2w6FsYXN6IGEgdsOhbGFzeiBhIHbDoWxhc3ogYSB2w6FsYXN6IGEgdsOhbGFzeiBhIHbDoWxhc3ogYSB2w6FsYXN6IGEgdsOhbGFzeiBhIHbDoWxhc3ogYSB2w6FsYXN6IGEgdsOhbGFzeiBhIHbDoWxhc3ogYSB2w6FsYXN6IGEgdsOhbGFzeiBhIHbDoWxhc3ogYSB2w6FsYXN6IGEgdsOhbGFzeiBhIHbDoWxhc3ogYSB2w6FsYXN6IGEgdsOhbGFzeiBhIHbDoWxhc3ogYSB2w6FsYXN6IGEgdsOhbGFzeiBhIHbDoWxhc3ogYSB2w6FsYXN6IGEgdsOhbGFzeiBhIHbDoWxhc3ogYSB2w6FsYXN6IGEgdsOhbGFzeiBhIHbDoWxhc3ogYSB2w6FsYXN6IGEgdsOhbGFzeiBhIHbDoWxhc3ogYSB2w6FsYXN6IGEgdsOhbGFzeiBhIHbDoWxhc3ogYSB2w6FsYXN6IGEgdsOhbGFzeiBhIHbDoWxhc3ogYSB2w6FsYXN6IGEgdsOhbGFzeiBhIHbDoWxhc3ogYSB2w6FsYXN6IGEgdsOhbGFzeiBhIHbDoWxhc3ogYSB2w6FsYXN6IA==,IA==
8,2017-05-08, ,6,c2RmZ3NkZ2RmZ2RmZ2RmZw0KZGZnDQpkZg0KZ2RmDQpnZGYNCmcNCmRmZw0KZGYNCmdkZmc=,IA==
9,2017-05-08, ,3,w6luc2U=,IA==
10,2017-05-08, ,3,d2hhdCBpcyB0aGUgcXVlc3Rpb24=,IA==
